0,01,1,"[['2:32', '2,3'], ['8:42', '0,3'], ['14:47', '2,3'], ['21:09', '0,2']]"
1,02,1,"[['3:22', '2,3'], ['9:29', '0,2'], ['15:35', '2,4'], ['21:59', '0,1']]"
2,03,1,"[['4:11', '2,3'], ['10:16', '0,2'], ['16:23', '2,5'], ['22:48', '0,1']]"
3,04,1,"[['4:58', '2,3'], ['11:03', '0,3'], ['17:11', '2,4'], ['23:37', '0,1']]"
4,05,1,"[['5:46', '2,2'], ['11:50', '0,4'], ['17:59', '2,4'], ['', '']]"
5,06,1,"[['0:26', '0,2'], ['6:35', '2,1'], ['12:39', '0,5'], ['18:49', '2,2']]"
6,07,1,"[['1:16', '0,4'], ['7:25', '2,0'], ['13:30', '0,6'], ['19:40', '2,1']]"
7,08,1,"[['2:06', '0,5'], ['8:17', '1,9'], ['14:25', '0,7'], ['20:32', '1,9']]"
8,09,1,"[['3:00', '0,7'], ['9:12', '1,8'], ['15:26', '0,8'], ['21:28', '1,8']]"
9,10,1,"[['4:00', '0,8'], ['10:14', '1,7'], ['16:32', '0,9'], ['22:31', '1,7']]"
10,11,1,"[['5:07', '0,8'], ['11:20', '1,7'], ['17:41', '0,8'], ['23:42', '1,7']]"
11,12,1,"[['6:13', '0,8'], ['12:23', '1,7'], ['18:43', '0,8'], ['', '']]"
12,13,1,"[['0:49', '1,7'], ['7:07', '0,8'], ['13:16', '1,8'], ['19:34', '0,7']]"
13,14,1,"[['1:43', '1,8'], ['7:53', '0,7'], ['14:00', '1,9'], ['20:19', '0,6']]"
14,15,1,"[['2:28', '1,9'], ['8:33', '0,6'], ['14:40', '2,0'], ['21:00', '0,5']]"
15,16,1,"[['3:07', '1,9'], ['9:10', '0,6'], ['15:17', '2,1'], ['21:38', '0,4']]"
16,17,1,"[['3:43', '2,0'], ['9:44', '0,5'], ['15:52', '2,1'], ['22:14', '0,3']]"
17,18,1,"[['4:17', '2,1'], ['10:17', '0,5'], ['16:26', '2,2'], ['22:48', '0,3']]"
18,19,1,"[['4:50', '2,1'], ['10:50', '0,5'], ['16:59', '2,2'], ['23:21', '0,3']]"
19,20,1,"[['5:23', '2,1'], ['11:22', '0,5'], ['17:34', '2,2'], ['23:56', '0,3']]"
20,21,1,"[['5:57', '2,1'], ['11:56', '0,5'], ['18:10', '2,2'], ['', '']]"
21,22,1,"[['0:32', '0,4'], ['6:35', '2,1'], ['12:34', '0,5'], ['18:50', '2,2']]"
22,23,1,"[['1:12', '0,4'], ['7:18', '2,0'], ['13:17', '0,6'], ['19:35', '2,1']]"
23,24,1,"[['1:59', '0,5'], ['8:07', '1,9'], ['14:10', '0,7'], ['20:29', '2,0']]"
24,25,1,"[['2:56', '0,6'], ['9:06', '1,8'], ['15:16', '0,7'], ['21:35', '1,9']]"
25,26,1,"[['4:09', '0,7'], ['10:16', '1,8'], ['16:38', '0,7'], ['22:56', '1,8']]"
26,27,1,"[['5:32', '0,7'], ['11:34', '1,9'], ['18:03', '0,6'], ['', '']]"
27,28,1,"[['0:21', '1,9'], ['6:45', '0,6'], ['12:46', '2,0'], ['19:14', '0,5']]"
28,29,1,"[['1:31', '2,0'], ['7:43', '0,5'], ['13:46', '2,1'], ['20:12', '0,3']]"
29,30,1,"[['2:27', '2,2'], ['8:33', '0,4'], ['14:38', '2,3'], ['21:03', '0,2']]"
30,31,1,"[['3:17', '2,3'], ['9:20', '0,3'], ['15:27', '2,4'], ['21:51', '0,1']]"
31,01,2,"[['4:02', '2,3'], ['10:05', '0,2'], ['16:13', '2,5'], ['22:36', '0,1']]"
32,02,2,"[['4:46', '2,4'], ['10:48', '0,2'], ['16:58', '2,5'], ['23:20', '0,1']]"
33,03,2,"[['5:28', '2,3'], ['11:30', '0,3'], ['17:41', '2,4'], ['', '']]"
34,04,2,"[['0:01', '0,2'], ['6:08', '2,2'], ['12:11', '0,4'], ['18:22', '2,3']]"
35,05,2,"[['0:40', '0,4'], ['6:47', '2,1'], ['12:51', '0,5'], ['19:02', '2,2']]"
36,06,2,"[['1:18', '0,5'], ['7:26', '2,0'], ['13:31', '0,6'], ['19:42', '2,0']]"
37,07,2,"[['1:56', '0,7'], ['8:07', '1,8'], ['14:16', '0,8'], ['20:25', '1,8']]"
38,08,2,"[['2:40', '0,8'], ['8:57', '1,7'], ['15:13', '0,9'], ['21:19', '1,7']]"
39,09,2,"[['3:44', '0,9'], ['10:04', '1,6'], ['16:38', '0,9'], ['22:39', '1,6']]"
40,10,2,"[['5:24', '1,0'], ['11:35', '1,6'], ['18:13', '0,9'], ['', '']]"
41,11,2,"[['0:23', '1,6'], ['6:46', '0,9'], ['12:52', '1,7'], ['19:19', '0,7']]"
42,12,2,"[['1:33', '1,7'], ['7:40', '0,8'], ['13:46', '1,8'], ['20:07', '0,6']]"
43,13,2,"[['2:20', '1,8'], ['8:21', '0,7'], ['14:28', '2,0'], ['20:47', '0,5']]"
44,14,2,"[['2:56', '2,0'], ['8:56', '0,6'], ['15:04', '2,1'], ['21:21', '0,4']]"
45,15,2,"[['3:28', '2,1'], ['9:28', '0,5'], ['15:36', '2,2'], ['21:54', '0,3']]"
46,16,2,"[['3:59', '2,2'], ['9:59', '0,4'], ['16:08', '2,3'], ['22:25', '0,2']]"
47,17,2,"[['4:29', '2,3'], ['10:29', '0,3'], ['16:40', '2,4'], ['22:57', '0,2']]"
48,18,2,"[['5:01', '2,3'], ['11:01', '0,3'], ['17:13', '2,4'], ['23:31', '0,2']]"
49,19,2,"[['5:34', '2,3'], ['11:35', '0,3'], ['17:49', '2,4'], ['', '']]"
50,20,2,"[['0:06', '0,2'], ['6:11', '2,2'], ['12:12', '0,4'], ['18:28', '2,3']]"
51,21,2,"[['0:45', '0,3'], ['6:51', '2,1'], ['12:53', '0,5'], ['19:12', '2,2']]"
52,22,2,"[['1:30', '0,5'], ['7:38', '2,0'], ['13:43', '0,6'], ['20:04', '2,0']]"
53,23,2,"[['2:25', '0,6'], ['8:35', '1,9'], ['14:49', '0,7'], ['21:11', '1,8']]"
54,24,2,"[['3:43', '0,8'], ['9:48', '1,8'], ['16:22', '0,7'], ['22:43', '1,8']]"
55,25,2,"[['5:21', '0,8'], ['11:16', '1,8'], ['17:59', '0,7'], ['', '']]"
56,26,2,"[['0:19', '1,8'], ['6:38', '0,7'], ['12:35', '1,9'], ['19:10', '0,5']]"
57,27,2,"[['1:29', '2,0'], ['7:35', '0,6'], ['13:37', '2,1'], ['20:05', '0,3']]"
58,28,2,"[['2:22', '2,1'], ['8:23', '0,4'], ['14:30', '2,3'], ['20:53', '0,2']]"
59,01,3,"[['3:07', '2,3'], ['9:07', '0,3'], ['15:16', '2,5'], ['21:37', '0,1']]"
60,02,3,"[['3:48', '2,4'], ['9:49', '0,2'], ['15:59', '2,5'], ['22:17', '0,1']]"
61,03,3,"[['4:26', '2,4'], ['10:28', '0,2'], ['16:39', '2,5'], ['22:54', '0,2']]"
62,04,3,"[['5:02', '2,4'], ['11:04', '0,2'], ['17:16', '2,5'], ['23:29', '0,2']]"
63,05,3,"[['5:35', '2,3'], ['11:39', '0,3'], ['17:50', '2,4'], ['', '']]"
64,06,3,"[['0:01', '0,4'], ['6:07', '2,2'], ['12:12', '0,4'], ['18:23', '2,2']]"
65,07,3,"[['0:31', '0,5'], ['6:39', '2,0'], ['12:46', '0,6'], ['18:57', '2,0']]"
66,08,3,"[['1:02', '0,6'], ['7:14', '1,9'], ['13:23', '0,7'], ['19:34', '1,8']]"
67,09,3,"[['1:38', '0,8'], ['7:56', '1,7'], ['14:13', '0,8'], ['20:24', '1,7']]"
68,10,3,"[['2:30', '1,0'], ['8:59', '1,6'], ['15:39', '0,9'], ['21:45', '1,5']]"
69,11,3,"[['4:31', '1,0'], ['10:44', '1,6'], ['17:40', '0,9'], ['23:56', '1,5']]"
70,12,3,"[['6:21', '1,0'], ['12:23', '1,7'], ['18:53', '0,8'], ['', '']]"
71,13,3,"[['1:14', '1,7'], ['7:16', '0,8'], ['13:21', '1,8'], ['19:41', '0,6']]"
72,14,3,"[['1:57', '1,8'], ['7:56', '0,7'], ['14:03', '2,0'], ['20:18', '0,5']]"
73,15,3,"[['2:30', '2,0'], ['8:29', '0,5'], ['14:37', '2,2'], ['20:51', '0,3']]"
74,16,3,"[['3:00', '2,2'], ['9:00', '0,4'], ['15:09', '2,3'], ['21:22', '0,2']]"
75,17,3,"[['3:30', '2,3'], ['9:31', '0,3'], ['15:42', '2,5'], ['21:55', '0,1']]"
76,18,3,"[['4:01', '2,4'], ['10:03', '0,2'], ['16:15', '2,5'], ['22:29', '0,1']]"
77,19,3,"[['4:34', '2,5'], ['10:37', '0,2'], ['16:51', '2,6'], ['23:05', '0,1']]"
78,20,3,"[['5:10', '2,4'], ['11:14', '0,2'], ['17:29', '2,5'], ['23:43', '0,2']]"
79,21,3,"[['5:48', '2,3'], ['11:53', '0,3'], ['18:10', '2,4'], ['', '']]"
80,22,3,"[['0:24', '0,3'], ['6:30', '2,2'], ['12:38', '0,4'], ['18:56', '2,2']]"
81,23,3,"[['1:10', '0,5'], ['7:18', '2,1'], ['13:31', '0,5'], ['19:50', '2,0']]"
82,24,3,"[['2:08', '0,7'], ['8:17', '1,9'], ['14:42', '0,7'], ['21:03', '1,8']]"
83,25,3,"[['3:33', '0,8'], ['9:34', '1,8'], ['16:21', '0,7'], ['22:42', '1,8']]"
84,26,3,"[['5:13', '0,8'], ['11:06', '1,9'], ['17:52', '0,6'], ['', '']]"
85,27,3,"[['0:15', '1,8'], ['6:26', '0,7'], ['12:24', '2,0'], ['18:58', '0,5']]"
86,28,3,"[['1:19', '2,0'], ['7:21', '0,6'], ['13:26', '2,2'], ['19:50', '0,4']]"
87,29,3,"[['2:08', '2,2'], ['8:07', '0,4'], ['14:16', '2,3'], ['20:35', '0,3']]"
88,30,3,"[['2:49', '2,3'], ['8:49', '0,3'], ['15:00', '2,5'], ['21:15', '0,2']]"
89,31,3,"[['3:25', '2,4'], ['9:27', '0,3'], ['15:38', '2,5'], ['21:51', '0,2']]"
90,01,4,"[['3:07', '2,3'], ['9:07', '0,3'], ['15:16', '2,5'], ['21:37', '0,1']]"
91,02,4,"[['3:48', '2,4'], ['9:49', '0,2'], ['15:59', '2,5'], ['22:17', '0,1']]"
92,03,4,"[['4:26', '2,4'], ['10:28', '0,2'], ['16:39', '2,5'], ['22:54', '0,2']]"
93,04,4,"[['5:02', '2,4'], ['11:04', '0,2'], ['17:16', '2,5'], ['23:29', '0,2']]"
94,05,4,"[['5:35', '2,3'], ['11:39', '0,3'], ['17:50', '2,4'], ['', '']]"
95,06,4,"[['0:01', '0,4'], ['6:07', '2,2'], ['12:12', '0,4'], ['18:23', '2,2']]"
96,07,4,"[['0:31', '0,5'], ['6:39', '2,0'], ['12:46', '0,6'], ['18:57', '2,0']]"
97,08,4,"[['1:02', '0,6'], ['7:14', '1,9'], ['13:23', '0,7'], ['19:34', '1,8']]"
98,09,4,"[['1:38', '0,8'], ['7:56', '1,7'], ['14:13', '0,8'], ['20:24', '1,7']]"
99,10,4,"[['2:30', '1,0'], ['8:59', '1,6'], ['15:39', '0,9'], ['21:45', '1,5']]"
100,11,4,"[['4:31', '1,0'], ['10:44', '1,6'], ['17:40', '0,9'], ['23:56', '1,5']]"
101,12,4,"[['6:21', '1,0'], ['12:23', '1,7'], ['18:53', '0,8'], ['', '']]"
102,13,4,"[['1:14', '1,7'], ['7:16', '0,8'], ['13:21', '1,8'], ['19:41', '0,6']]"
103,14,4,"[['1:57', '1,8'], ['7:56', '0,7'], ['14:03', '2,0'], ['20:18', '0,5']]"
104,15,4,"[['2:30', '2,0'], ['8:29', '0,5'], ['14:37', '2,2'], ['20:51', '0,3']]"
105,16,4,"[['3:00', '2,2'], ['9:00', '0,4'], ['15:09', '2,3'], ['21:22', '0,2']]"
106,17,4,"[['3:30', '2,3'], ['9:31', '0,3'], ['15:42', '2,5'], ['21:55', '0,1']]"
107,18,4,"[['4:01', '2,4'], ['10:03', '0,2'], ['16:15', '2,5'], ['22:29', '0,1']]"
108,19,4,"[['4:34', '2,5'], ['10:37', '0,2'], ['16:51', '2,6'], ['23:05', '0,1']]"
109,20,4,"[['5:10', '2,4'], ['11:14', '0,2'], ['17:29', '2,5'], ['23:43', '0,2']]"
110,21,4,"[['5:48', '2,3'], ['11:53', '0,3'], ['18:10', '2,4'], ['', '']]"
111,22,4,"[['0:24', '0,3'], ['6:30', '2,2'], ['12:38', '0,4'], ['18:56', '2,2']]"
112,23,4,"[['1:10', '0,5'], ['7:18', '2,1'], ['13:31', '0,5'], ['19:50', '2,0']]"
113,24,4,"[['2:08', '0,7'], ['8:17', '1,9'], ['14:42', '0,7'], ['21:03', '1,8']]"
114,25,4,"[['3:33', '0,8'], ['9:34', '1,8'], ['16:21', '0,7'], ['22:42', '1,8']]"
115,26,4,"[['5:13', '0,8'], ['11:06', '1,9'], ['17:52', '0,6'], ['', '']]"
116,27,4,"[['0:15', '1,8'], ['6:26', '0,7'], ['12:24', '2,0'], ['18:58', '0,5']]"
117,28,4,"[['1:19', '2,0'], ['7:21', '0,6'], ['13:26', '2,2'], ['19:50', '0,4']]"
118,29,4,"[['2:08', '2,2'], ['8:07', '0,4'], ['14:16', '2,3'], ['20:35', '0,3']]"
119,30,4,"[['2:49', '2,3'], ['8:49', '0,3'], ['15:00', '2,5'], ['21:15', '0,2']]"
120,31,4,"[['3:25', '2,4'], ['9:27', '0,3'], ['15:38', '2,5'], ['21:51', '0,2']]"
121,01,5,"[['3:07', '2,3'], ['9:07', '0,3'], ['15:16', '2,5'], ['21:37', '0,1']]"
122,02,5,"[['3:48', '2,4'], ['9:49', '0,2'], ['15:59', '2,5'], ['22:17', '0,1']]"
123,03,5,"[['4:26', '2,4'], ['10:28', '0,2'], ['16:39', '2,5'], ['22:54', '0,2']]"
124,04,5,"[['5:02', '2,4'], ['11:04', '0,2'], ['17:16', '2,5'], ['23:29', '0,2']]"
125,05,5,"[['5:35', '2,3'], ['11:39', '0,3'], ['17:50', '2,4'], ['', '']]"
126,06,5,"[['0:01', '0,4'], ['6:07', '2,2'], ['12:12', '0,4'], ['18:23', '2,2']]"
127,07,5,"[['0:31', '0,5'], ['6:39', '2,0'], ['12:46', '0,6'], ['18:57', '2,0']]"
128,08,5,"[['1:02', '0,6'], ['7:14', '1,9'], ['13:23', '0,7'], ['19:34', '1,8']]"
129,09,5,"[['1:38', '0,8'], ['7:56', '1,7'], ['14:13', '0,8'], ['20:24', '1,7']]"
130,10,5,"[['2:30', '1,0'], ['8:59', '1,6'], ['15:39', '0,9'], ['21:45', '1,5']]"
131,11,5,"[['4:31', '1,0'], ['10:44', '1,6'], ['17:40', '0,9'], ['23:56', '1,5']]"
132,12,5,"[['6:21', '1,0'], ['12:23', '1,7'], ['18:53', '0,8'], ['', '']]"
133,13,5,"[['1:14', '1,7'], ['7:16', '0,8'], ['13:21', '1,8'], ['19:41', '0,6']]"
134,14,5,"[['1:57', '1,8'], ['7:56', '0,7'], ['14:03', '2,0'], ['20:18', '0,5']]"
135,15,5,"[['2:30', '2,0'], ['8:29', '0,5'], ['14:37', '2,2'], ['20:51', '0,3']]"
136,16,5,"[['3:00', '2,2'], ['9:00', '0,4'], ['15:09', '2,3'], ['21:22', '0,2']]"
137,17,5,"[['3:30', '2,3'], ['9:31', '0,3'], ['15:42', '2,5'], ['21:55', '0,1']]"
138,18,5,"[['4:01', '2,4'], ['10:03', '0,2'], ['16:15', '2,5'], ['22:29', '0,1']]"
139,19,5,"[['4:34', '2,5'], ['10:37', '0,2'], ['16:51', '2,6'], ['23:05', '0,1']]"
140,20,5,"[['5:10', '2,4'], ['11:14', '0,2'], ['17:29', '2,5'], ['23:43', '0,2']]"
141,21,5,"[['5:48', '2,3'], ['11:53', '0,3'], ['18:10', '2,4'], ['', '']]"
142,22,5,"[['0:24', '0,3'], ['6:30', '2,2'], ['12:38', '0,4'], ['18:56', '2,2']]"
143,23,5,"[['1:10', '0,5'], ['7:18', '2,1'], ['13:31', '0,5'], ['19:50', '2,0']]"
144,24,5,"[['2:08', '0,7'], ['8:17', '1,9'], ['14:42', '0,7'], ['21:03', '1,8']]"
145,25,5,"[['3:33', '0,8'], ['9:34', '1,8'], ['16:21', '0,7'], ['22:42', '1,8']]"
146,26,5,"[['5:13', '0,8'], ['11:06', '1,9'], ['17:52', '0,6'], ['', '']]"
147,27,5,"[['0:15', '1,8'], ['6:26', '0,7'], ['12:24', '2,0'], ['18:58', '0,5']]"
148,28,5,"[['1:19', '2,0'], ['7:21', '0,6'], ['13:26', '2,2'], ['19:50', '0,4']]"
149,29,5,"[['2:08', '2,2'], ['8:07', '0,4'], ['14:16', '2,3'], ['20:35', '0,3']]"
150,30,5,"[['2:49', '2,3'], ['8:49', '0,3'], ['15:00', '2,5'], ['21:15', '0,2']]"
151,31,5,"[['3:25', '2,4'], ['9:27', '0,3'], ['15:38', '2,5'], ['21:51', '0,2']]"
152,01,6,"[['3:07', '2,3'], ['9:07', '0,3'], ['15:16', '2,5'], ['21:37', '0,1']]"
153,02,6,"[['3:48', '2,4'], ['9:49', '0,2'], ['15:59', '2,5'], ['22:17', '0,1']]"
154,03,6,"[['4:26', '2,4'], ['10:28', '0,2'], ['16:39', '2,5'], ['22:54', '0,2']]"
155,04,6,"[['5:02', '2,4'], ['11:04', '0,2'], ['17:16', '2,5'], ['23:29', '0,2']]"
156,05,6,"[['5:35', '2,3'], ['11:39', '0,3'], ['17:50', '2,4'], ['', '']]"
157,06,6,"[['0:01', '0,4'], ['6:07', '2,2'], ['12:12', '0,4'], ['18:23', '2,2']]"
158,07,6,"[['0:31', '0,5'], ['6:39', '2,0'], ['12:46', '0,6'], ['18:57', '2,0']]"
159,08,6,"[['1:02', '0,6'], ['7:14', '1,9'], ['13:23', '0,7'], ['19:34', '1,8']]"
160,09,6,"[['1:38', '0,8'], ['7:56', '1,7'], ['14:13', '0,8'], ['20:24', '1,7']]"
161,10,6,"[['2:30', '1,0'], ['8:59', '1,6'], ['15:39', '0,9'], ['21:45', '1,5']]"
162,11,6,"[['4:31', '1,0'], ['10:44', '1,6'], ['17:40', '0,9'], ['23:56', '1,5']]"
163,12,6,"[['6:21', '1,0'], ['12:23', '1,7'], ['18:53', '0,8'], ['', '']]"
164,13,6,"[['1:14', '1,7'], ['7:16', '0,8'], ['13:21', '1,8'], ['19:41', '0,6']]"
165,14,6,"[['1:57', '1,8'], ['7:56', '0,7'], ['14:03', '2,0'], ['20:18', '0,5']]"
166,15,6,"[['2:30', '2,0'], ['8:29', '0,5'], ['14:37', '2,2'], ['20:51', '0,3']]"
167,16,6,"[['3:00', '2,2'], ['9:00', '0,4'], ['15:09', '2,3'], ['21:22', '0,2']]"
168,17,6,"[['3:30', '2,3'], ['9:31', '0,3'], ['15:42', '2,5'], ['21:55', '0,1']]"
169,18,6,"[['4:01', '2,4'], ['10:03', '0,2'], ['16:15', '2,5'], ['22:29', '0,1']]"
170,19,6,"[['4:34', '2,5'], ['10:37', '0,2'], ['16:51', '2,6'], ['23:05', '0,1']]"
171,20,6,"[['5:10', '2,4'], ['11:14', '0,2'], ['17:29', '2,5'], ['23:43', '0,2']]"
172,21,6,"[['5:48', '2,3'], ['11:53', '0,3'], ['18:10', '2,4'], ['', '']]"
173,22,6,"[['0:24', '0,3'], ['6:30', '2,2'], ['12:38', '0,4'], ['18:56', '2,2']]"
174,23,6,"[['1:10', '0,5'], ['7:18', '2,1'], ['13:31', '0,5'], ['19:50', '2,0']]"
175,24,6,"[['2:08', '0,7'], ['8:17', '1,9'], ['14:42', '0,7'], ['21:03', '1,8']]"
176,25,6,"[['3:33', '0,8'], ['9:34', '1,8'], ['16:21', '0,7'], ['22:42', '1,8']]"
177,26,6,"[['5:13', '0,8'], ['11:06', '1,9'], ['17:52', '0,6'], ['', '']]"
178,27,6,"[['0:15', '1,8'], ['6:26', '0,7'], ['12:24', '2,0'], ['18:58', '0,5']]"
179,28,6,"[['1:19', '2,0'], ['7:21', '0,6'], ['13:26', '2,2'], ['19:50', '0,4']]"
180,29,6,"[['2:08', '2,2'], ['8:07', '0,4'], ['14:16', '2,3'], ['20:35', '0,3']]"
181,30,6,"[['2:49', '2,3'], ['8:49', '0,3'], ['15:00', '2,5'], ['21:15', '0,2']]"
182,31,6,"[['3:25', '2,4'], ['9:27', '0,3'], ['15:38', '2,5'], ['21:51', '0,2']]"
183,01,7,"[['3:07', '2,3'], ['9:07', '0,3'], ['15:16', '2,5'], ['21:37', '0,1']]"
184,02,7,"[['3:48', '2,4'], ['9:49', '0,2'], ['15:59', '2,5'], ['22:17', '0,1']]"
185,03,7,"[['4:26', '2,4'], ['10:28', '0,2'], ['16:39', '2,5'], ['22:54', '0,2']]"
186,04,7,"[['5:02', '2,4'], ['11:04', '0,2'], ['17:16', '2,5'], ['23:29', '0,2']]"
187,05,7,"[['5:35', '2,3'], ['11:39', '0,3'], ['17:50', '2,4'], ['', '']]"
188,06,7,"[['0:01', '0,4'], ['6:07', '2,2'], ['12:12', '0,4'], ['18:23', '2,2']]"
189,07,7,"[['0:31', '0,5'], ['6:39', '2,0'], ['12:46', '0,6'], ['18:57', '2,0']]"
190,08,7,"[['1:02', '0,6'], ['7:14', '1,9'], ['13:23', '0,7'], ['19:34', '1,8']]"
191,09,7,"[['1:38', '0,8'], ['7:56', '1,7'], ['14:13', '0,8'], ['20:24', '1,7']]"
192,10,7,"[['2:30', '1,0'], ['8:59', '1,6'], ['15:39', '0,9'], ['21:45', '1,5']]"
193,11,7,"[['4:31', '1,0'], ['10:44', '1,6'], ['17:40', '0,9'], ['23:56', '1,5']]"
194,12,7,"[['6:21', '1,0'], ['12:23', '1,7'], ['18:53', '0,8'], ['', '']]"
195,13,7,"[['1:14', '1,7'], ['7:16', '0,8'], ['13:21', '1,8'], ['19:41', '0,6']]"
196,14,7,"[['1:57', '1,8'], ['7:56', '0,7'], ['14:03', '2,0'], ['20:18', '0,5']]"
197,15,7,"[['2:30', '2,0'], ['8:29', '0,5'], ['14:37', '2,2'], ['20:51', '0,3']]"
198,16,7,"[['3:00', '2,2'], ['9:00', '0,4'], ['15:09', '2,3'], ['21:22', '0,2']]"
199,17,7,"[['3:30', '2,3'], ['9:31', '0,3'], ['15:42', '2,5'], ['21:55', '0,1']]"
200,18,7,"[['4:01', '2,4'], ['10:03', '0,2'], ['16:15', '2,5'], ['22:29', '0,1']]"
201,19,7,"[['4:34', '2,5'], ['10:37', '0,2'], ['16:51', '2,6'], ['23:05', '0,1']]"
202,20,7,"[['5:10', '2,4'], ['11:14', '0,2'], ['17:29', '2,5'], ['23:43', '0,2']]"
203,21,7,"[['5:48', '2,3'], ['11:53', '0,3'], ['18:10', '2,4'], ['', '']]"
204,22,7,"[['0:24', '0,3'], ['6:30', '2,2'], ['12:38', '0,4'], ['18:56', '2,2']]"
205,23,7,"[['1:10', '0,5'], ['7:18', '2,1'], ['13:31', '0,5'], ['19:50', '2,0']]"
206,24,7,"[['2:08', '0,7'], ['8:17', '1,9'], ['14:42', '0,7'], ['21:03', '1,8']]"
207,25,7,"[['3:33', '0,8'], ['9:34', '1,8'], ['16:21', '0,7'], ['22:42', '1,8']]"
208,26,7,"[['5:13', '0,8'], ['11:06', '1,9'], ['17:52', '0,6'], ['', '']]"
209,27,7,"[['0:15', '1,8'], ['6:26', '0,7'], ['12:24', '2,0'], ['18:58', '0,5']]"
210,28,7,"[['1:19', '2,0'], ['7:21', '0,6'], ['13:26', '2,2'], ['19:50', '0,4']]"
211,29,7,"[['2:08', '2,2'], ['8:07', '0,4'], ['14:16', '2,3'], ['20:35', '0,3']]"
212,30,7,"[['2:49', '2,3'], ['8:49', '0,3'], ['15:00', '2,5'], ['21:15', '0,2']]"
213,31,7,"[['3:25', '2,4'], ['9:27', '0,3'], ['15:38', '2,5'], ['21:51', '0,2']]"
214,01,8,"[['3:07', '2,3'], ['9:07', '0,3'], ['15:16', '2,5'], ['21:37', '0,1']]"
215,02,8,"[['3:48', '2,4'], ['9:49', '0,2'], ['15:59', '2,5'], ['22:17', '0,1']]"
216,03,8,"[['4:26', '2,4'], ['10:28', '0,2'], ['16:39', '2,5'], ['22:54', '0,2']]"
217,04,8,"[['5:02', '2,4'], ['11:04', '0,2'], ['17:16', '2,5'], ['23:29', '0,2']]"
218,05,8,"[['5:35', '2,3'], ['11:39', '0,3'], ['17:50', '2,4'], ['', '']]"
219,06,8,"[['0:01', '0,4'], ['6:07', '2,2'], ['12:12', '0,4'], ['18:23', '2,2']]"
220,07,8,"[['0:31', '0,5'], ['6:39', '2,0'], ['12:46', '0,6'], ['18:57', '2,0']]"
221,08,8,"[['1:02', '0,6'], ['7:14', '1,9'], ['13:23', '0,7'], ['19:34', '1,8']]"
222,09,8,"[['1:38', '0,8'], ['7:56', '1,7'], ['14:13', '0,8'], ['20:24', '1,7']]"
223,10,8,"[['2:30', '1,0'], ['8:59', '1,6'], ['15:39', '0,9'], ['21:45', '1,5']]"
224,11,8,"[['4:31', '1,0'], ['10:44', '1,6'], ['17:40', '0,9'], ['23:56', '1,5']]"
225,12,8,"[['6:21', '1,0'], ['12:23', '1,7'], ['18:53', '0,8'], ['', '']]"
226,13,8,"[['1:14', '1,7'], ['7:16', '0,8'], ['13:21', '1,8'], ['19:41', '0,6']]"
227,14,8,"[['1:57', '1,8'], ['7:56', '0,7'], ['14:03', '2,0'], ['20:18', '0,5']]"
228,15,8,"[['2:30', '2,0'], ['8:29', '0,5'], ['14:37', '2,2'], ['20:51', '0,3']]"
229,16,8,"[['3:00', '2,2'], ['9:00', '0,4'], ['15:09', '2,3'], ['21:22', '0,2']]"
230,17,8,"[['3:30', '2,3'], ['9:31', '0,3'], ['15:42', '2,5'], ['21:55', '0,1']]"
231,18,8,"[['4:01', '2,4'], ['10:03', '0,2'], ['16:15', '2,5'], ['22:29', '0,1']]"
232,19,8,"[['4:34', '2,5'], ['10:37', '0,2'], ['16:51', '2,6'], ['23:05', '0,1']]"
233,20,8,"[['5:10', '2,4'], ['11:14', '0,2'], ['17:29', '2,5'], ['23:43', '0,2']]"
234,21,8,"[['5:48', '2,3'], ['11:53', '0,3'], ['18:10', '2,4'], ['', '']]"
235,22,8,"[['0:24', '0,3'], ['6:30', '2,2'], ['12:38', '0,4'], ['18:56', '2,2']]"
236,23,8,"[['1:10', '0,5'], ['7:18', '2,1'], ['13:31', '0,5'], ['19:50', '2,0']]"
237,24,8,"[['2:08', '0,7'], ['8:17', '1,9'], ['14:42', '0,7'], ['21:03', '1,8']]"
238,25,8,"[['3:33', '0,8'], ['9:34', '1,8'], ['16:21', '0,7'], ['22:42', '1,8']]"
239,26,8,"[['5:13', '0,8'], ['11:06', '1,9'], ['17:52', '0,6'], ['', '']]"
240,27,8,"[['0:15', '1,8'], ['6:26', '0,7'], ['12:24', '2,0'], ['18:58', '0,5']]"
241,28,8,"[['1:19', '2,0'], ['7:21', '0,6'], ['13:26', '2,2'], ['19:50', '0,4']]"
242,29,8,"[['2:08', '2,2'], ['8:07', '0,4'], ['14:16', '2,3'], ['20:35', '0,3']]"
243,30,8,"[['2:49', '2,3'], ['8:49', '0,3'], ['15:00', '2,5'], ['21:15', '0,2']]"
244,31,8,"[['3:25', '2,4'], ['9:27', '0,3'], ['15:38', '2,5'], ['21:51', '0,2']]"
245,01,9,"[['3:07', '2,3'], ['9:07', '0,3'], ['15:16', '2,5'], ['21:37', '0,1']]"
246,02,9,"[['3:48', '2,4'], ['9:49', '0,2'], ['15:59', '2,5'], ['22:17', '0,1']]"
247,03,9,"[['4:26', '2,4'], ['10:28', '0,2'], ['16:39', '2,5'], ['22:54', '0,2']]"
248,04,9,"[['5:02', '2,4'], ['11:04', '0,2'], ['17:16', '2,5'], ['23:29', '0,2']]"
249,05,9,"[['5:35', '2,3'], ['11:39', '0,3'], ['17:50', '2,4'], ['', '']]"
250,06,9,"[['0:01', '0,4'], ['6:07', '2,2'], ['12:12', '0,4'], ['18:23', '2,2']]"
251,07,9,"[['0:31', '0,5'], ['6:39', '2,0'], ['12:46', '0,6'], ['18:57', '2,0']]"
252,08,9,"[['1:02', '0,6'], ['7:14', '1,9'], ['13:23', '0,7'], ['19:34', '1,8']]"
253,09,9,"[['1:38', '0,8'], ['7:56', '1,7'], ['14:13', '0,8'], ['20:24', '1,7']]"
254,10,9,"[['2:30', '1,0'], ['8:59', '1,6'], ['15:39', '0,9'], ['21:45', '1,5']]"
255,11,9,"[['4:31', '1,0'], ['10:44', '1,6'], ['17:40', '0,9'], ['23:56', '1,5']]"
256,12,9,"[['6:21', '1,0'], ['12:23', '1,7'], ['18:53', '0,8'], ['', '']]"
257,13,9,"[['1:14', '1,7'], ['7:16', '0,8'], ['13:21', '1,8'], ['19:41', '0,6']]"
258,14,9,"[['1:57', '1,8'], ['7:56', '0,7'], ['14:03', '2,0'], ['20:18', '0,5']]"
259,15,9,"[['2:30', '2,0'], ['8:29', '0,5'], ['14:37', '2,2'], ['20:51', '0,3']]"
260,16,9,"[['3:00', '2,2'], ['9:00', '0,4'], ['15:09', '2,3'], ['21:22', '0,2']]"
261,17,9,"[['3:30', '2,3'], ['9:31', '0,3'], ['15:42', '2,5'], ['21:55', '0,1']]"
262,18,9,"[['4:01', '2,4'], ['10:03', '0,2'], ['16:15', '2,5'], ['22:29', '0,1']]"
263,19,9,"[['4:34', '2,5'], ['10:37', '0,2'], ['16:51', '2,6'], ['23:05', '0,1']]"
264,20,9,"[['5:10', '2,4'], ['11:14', '0,2'], ['17:29', '2,5'], ['23:43', '0,2']]"
265,21,9,"[['5:48', '2,3'], ['11:53', '0,3'], ['18:10', '2,4'], ['', '']]"
266,22,9,"[['0:24', '0,3'], ['6:30', '2,2'], ['12:38', '0,4'], ['18:56', '2,2']]"
267,23,9,"[['1:10', '0,5'], ['7:18', '2,1'], ['13:31', '0,5'], ['19:50', '2,0']]"
268,24,9,"[['2:08', '0,7'], ['8:17', '1,9'], ['14:42', '0,7'], ['21:03', '1,8']]"
269,25,9,"[['3:33', '0,8'], ['9:34', '1,8'], ['16:21', '0,7'], ['22:42', '1,8']]"
270,26,9,"[['5:13', '0,8'], ['11:06', '1,9'], ['17:52', '0,6'], ['', '']]"
271,27,9,"[['0:15', '1,8'], ['6:26', '0,7'], ['12:24', '2,0'], ['18:58', '0,5']]"
272,28,9,"[['1:19', '2,0'], ['7:21', '0,6'], ['13:26', '2,2'], ['19:50', '0,4']]"
273,29,9,"[['2:08', '2,2'], ['8:07', '0,4'], ['14:16', '2,3'], ['20:35', '0,3']]"
274,30,9,"[['2:49', '2,3'], ['8:49', '0,3'], ['15:00', '2,5'], ['21:15', '0,2']]"
275,31,9,"[['3:25', '2,4'], ['9:27', '0,3'], ['15:38', '2,5'], ['21:51', '0,2']]"
276,01,10,"[['3:07', '2,3'], ['9:07', '0,3'], ['15:16', '2,5'], ['21:37', '0,1']]"
277,02,10,"[['3:48', '2,4'], ['9:49', '0,2'], ['15:59', '2,5'], ['22:17', '0,1']]"
278,03,10,"[['4:26', '2,4'], ['10:28', '0,2'], ['16:39', '2,5'], ['22:54', '0,2']]"
279,04,10,"[['5:02', '2,4'], ['11:04', '0,2'], ['17:16', '2,5'], ['23:29', '0,2']]"
280,05,10,"[['5:35', '2,3'], ['11:39', '0,3'], ['17:50', '2,4'], ['', '']]"
281,06,10,"[['0:01', '0,4'], ['6:07', '2,2'], ['12:12', '0,4'], ['18:23', '2,2']]"
282,07,10,"[['0:31', '0,5'], ['6:39', '2,0'], ['12:46', '0,6'], ['18:57', '2,0']]"
283,08,10,"[['1:02', '0,6'], ['7:14', '1,9'], ['13:23', '0,7'], ['19:34', '1,8']]"
284,09,10,"[['1:38', '0,8'], ['7:56', '1,7'], ['14:13', '0,8'], ['20:24', '1,7']]"
285,10,10,"[['2:30', '1,0'], ['8:59', '1,6'], ['15:39', '0,9'], ['21:45', '1,5']]"
286,11,10,"[['4:31', '1,0'], ['10:44', '1,6'], ['17:40', '0,9'], ['23:56', '1,5']]"
287,12,10,"[['6:21', '1,0'], ['12:23', '1,7'], ['18:53', '0,8'], ['', '']]"
288,13,10,"[['1:14', '1,7'], ['7:16', '0,8'], ['13:21', '1,8'], ['19:41', '0,6']]"
289,14,10,"[['1:57', '1,8'], ['7:56', '0,7'], ['14:03', '2,0'], ['20:18', '0,5']]"
290,15,10,"[['2:30', '2,0'], ['8:29', '0,5'], ['14:37', '2,2'], ['20:51', '0,3']]"
291,16,10,"[['3:00', '2,2'], ['9:00', '0,4'], ['15:09', '2,3'], ['21:22', '0,2']]"
292,17,10,"[['3:30', '2,3'], ['9:31', '0,3'], ['15:42', '2,5'], ['21:55', '0,1']]"
293,18,10,"[['4:01', '2,4'], ['10:03', '0,2'], ['16:15', '2,5'], ['22:29', '0,1']]"
294,19,10,"[['4:34', '2,5'], ['10:37', '0,2'], ['16:51', '2,6'], ['23:05', '0,1']]"
295,20,10,"[['5:10', '2,4'], ['11:14', '0,2'], ['17:29', '2,5'], ['23:43', '0,2']]"
296,21,10,"[['5:48', '2,3'], ['11:53', '0,3'], ['18:10', '2,4'], ['', '']]"
297,22,10,"[['0:24', '0,3'], ['6:30', '2,2'], ['12:38', '0,4'], ['18:56', '2,2']]"
298,23,10,"[['1:10', '0,5'], ['7:18', '2,1'], ['13:31', '0,5'], ['19:50', '2,0']]"
299,24,10,"[['2:08', '0,7'], ['8:17', '1,9'], ['14:42', '0,7'], ['21:03', '1,8']]"
300,25,10,"[['3:33', '0,8'], ['9:34', '1,8'], ['16:21', '0,7'], ['22:42', '1,8']]"
301,26,10,"[['5:13', '0,8'], ['11:06', '1,9'], ['17:52', '0,6'], ['', '']]"
302,27,10,"[['0:15', '1,8'], ['6:26', '0,7'], ['12:24', '2,0'], ['18:58', '0,5']]"
303,28,10,"[['1:19', '2,0'], ['7:21', '0,6'], ['13:26', '2,2'], ['19:50', '0,4']]"
304,29,10,"[['2:08', '2,2'], ['8:07', '0,4'], ['14:16', '2,3'], ['20:35', '0,3']]"
305,30,10,"[['2:49', '2,3'], ['8:49', '0,3'], ['15:00', '2,5'], ['21:15', '0,2']]"
306,31,10,"[['3:25', '2,4'], ['9:27', '0,3'], ['15:38', '2,5'], ['21:51', '0,2']]"
307,01,11,"[['3:07', '2,3'], ['9:07', '0,3'], ['15:16', '2,5'], ['21:37', '0,1']]"
308,02,11,"[['3:48', '2,4'], ['9:49', '0,2'], ['15:59', '2,5'], ['22:17', '0,1']]"
309,03,11,"[['4:26', '2,4'], ['10:28', '0,2'], ['16:39', '2,5'], ['22:54', '0,2']]"
310,04,11,"[['5:02', '2,4'], ['11:04', '0,2'], ['17:16', '2,5'], ['23:29', '0,2']]"
311,05,11,"[['5:35', '2,3'], ['11:39', '0,3'], ['17:50', '2,4'], ['', '']]"
312,06,11,"[['0:01', '0,4'], ['6:07', '2,2'], ['12:12', '0,4'], ['18:23', '2,2']]"
313,07,11,"[['0:31', '0,5'], ['6:39', '2,0'], ['12:46', '0,6'], ['18:57', '2,0']]"
314,08,11,"[['1:02', '0,6'], ['7:14', '1,9'], ['13:23', '0,7'], ['19:34', '1,8']]"
315,09,11,"[['1:38', '0,8'], ['7:56', '1,7'], ['14:13', '0,8'], ['20:24', '1,7']]"
316,10,11,"[['2:30', '1,0'], ['8:59', '1,6'], ['15:39', '0,9'], ['21:45', '1,5']]"
317,11,11,"[['4:31', '1,0'], ['10:44', '1,6'], ['17:40', '0,9'], ['23:56', '1,5']]"
318,12,11,"[['6:21', '1,0'], ['12:23', '1,7'], ['18:53', '0,8'], ['', '']]"
319,13,11,"[['1:14', '1,7'], ['7:16', '0,8'], ['13:21', '1,8'], ['19:41', '0,6']]"
320,14,11,"[['1:57', '1,8'], ['7:56', '0,7'], ['14:03', '2,0'], ['20:18', '0,5']]"
321,15,11,"[['2:30', '2,0'], ['8:29', '0,5'], ['14:37', '2,2'], ['20:51', '0,3']]"
322,16,11,"[['3:00', '2,2'], ['9:00', '0,4'], ['15:09', '2,3'], ['21:22', '0,2']]"
323,17,11,"[['3:30', '2,3'], ['9:31', '0,3'], ['15:42', '2,5'], ['21:55', '0,1']]"
324,18,11,"[['4:01', '2,4'], ['10:03', '0,2'], ['16:15', '2,5'], ['22:29', '0,1']]"
325,19,11,"[['4:34', '2,5'], ['10:37', '0,2'], ['16:51', '2,6'], ['23:05', '0,1']]"
326,20,11,"[['5:10', '2,4'], ['11:14', '0,2'], ['17:29', '2,5'], ['23:43', '0,2']]"
327,21,11,"[['5:48', '2,3'], ['11:53', '0,3'], ['18:10', '2,4'], ['', '']]"
328,22,11,"[['0:24', '0,3'], ['6:30', '2,2'], ['12:38', '0,4'], ['18:56', '2,2']]"
329,23,11,"[['1:10', '0,5'], ['7:18', '2,1'], ['13:31', '0,5'], ['19:50', '2,0']]"
330,24,11,"[['2:08', '0,7'], ['8:17', '1,9'], ['14:42', '0,7'], ['21:03', '1,8']]"
331,25,11,"[['3:33', '0,8'], ['9:34', '1,8'], ['16:21', '0,7'], ['22:42', '1,8']]"
332,26,11,"[['5:13', '0,8'], ['11:06', '1,9'], ['17:52', '0,6'], ['', '']]"
333,27,11,"[['0:15', '1,8'], ['6:26', '0,7'], ['12:24', '2,0'], ['18:58', '0,5']]"
334,28,11,"[['1:19', '2,0'], ['7:21', '0,6'], ['13:26', '2,2'], ['19:50', '0,4']]"
335,29,11,"[['2:08', '2,2'], ['8:07', '0,4'], ['14:16', '2,3'], ['20:35', '0,3']]"
336,30,11,"[['2:49', '2,3'], ['8:49', '0,3'], ['15:00', '2,5'], ['21:15', '0,2']]"
337,31,11,"[['3:25', '2,4'], ['9:27', '0,3'], ['15:38', '2,5'], ['21:51', '0,2']]"
338,01,12,"[['3:07', '2,3'], ['9:07', '0,3'], ['15:16', '2,5'], ['21:37', '0,1']]"
339,02,12,"[['3:48', '2,4'], ['9:49', '0,2'], ['15:59', '2,5'], ['22:17', '0,1']]"
340,03,12,"[['4:26', '2,4'], ['10:28', '0,2'], ['16:39', '2,5'], ['22:54', '0,2']]"
341,04,12,"[['5:02', '2,4'], ['11:04', '0,2'], ['17:16', '2,5'], ['23:29', '0,2']]"
342,05,12,"[['5:35', '2,3'], ['11:39', '0,3'], ['17:50', '2,4'], ['', '']]"
343,06,12,"[['0:01', '0,4'], ['6:07', '2,2'], ['12:12', '0,4'], ['18:23', '2,2']]"
344,07,12,"[['0:31', '0,5'], ['6:39', '2,0'], ['12:46', '0,6'], ['18:57', '2,0']]"
345,08,12,"[['1:02', '0,6'], ['7:14', '1,9'], ['13:23', '0,7'], ['19:34', '1,8']]"
346,09,12,"[['1:38', '0,8'], ['7:56', '1,7'], ['14:13', '0,8'], ['20:24', '1,7']]"
347,10,12,"[['2:30', '1,0'], ['8:59', '1,6'], ['15:39', '0,9'], ['21:45', '1,5']]"
348,11,12,"[['4:31', '1,0'], ['10:44', '1,6'], ['17:40', '0,9'], ['23:56', '1,5']]"
349,12,12,"[['6:21', '1,0'], ['12:23', '1,7'], ['18:53', '0,8'], ['', '']]"
350,13,12,"[['1:14', '1,7'], ['7:16', '0,8'], ['13:21', '1,8'], ['19:41', '0,6']]"
351,14,12,"[['1:57', '1,8'], ['7:56', '0,7'], ['14:03', '2,0'], ['20:18', '0,5']]"
352,15,12,"[['2:30', '2,0'], ['8:29', '0,5'], ['14:37', '2,2'], ['20:51', '0,3']]"
353,16,12,"[['3:00', '2,2'], ['9:00', '0,4'], ['15:09', '2,3'], ['21:22', '0,2']]"
354,17,12,"[['3:30', '2,3'], ['9:31', '0,3'], ['15:42', '2,5'], ['21:55', '0,1']]"
355,18,12,"[['4:01', '2,4'], ['10:03', '0,2'], ['16:15', '2,5'], ['22:29', '0,1']]"
356,19,12,"[['4:34', '2,5'], ['10:37', '0,2'], ['16:51', '2,6'], ['23:05', '0,1']]"
357,20,12,"[['5:10', '2,4'], ['11:14', '0,2'], ['17:29', '2,5'], ['23:43', '0,2']]"
358,21,12,"[['5:48', '2,3'], ['11:53', '0,3'], ['18:10', '2,4'], ['', '']]"
359,22,12,"[['0:24', '0,3'], ['6:30', '2,2'], ['12:38', '0,4'], ['18:56', '2,2']]"
360,23,12,"[['1:10', '0,5'], ['7:18', '2,1'], ['13:31', '0,5'], ['19:50', '2,0']]"
361,24,12,"[['2:08', '0,7'], ['8:17', '1,9'], ['14:42', '0,7'], ['21:03', '1,8']]"
362,25,12,"[['3:33', '0,8'], ['9:34', '1,8'], ['16:21', '0,7'], ['22:42', '1,8']]"
363,26,12,"[['5:13', '0,8'], ['11:06', '1,9'], ['17:52', '0,6'], ['', '']]"
364,27,12,"[['0:15', '1,8'], ['6:26', '0,7'], ['12:24', '2,0'], ['18:58', '0,5']]"
365,28,12,"[['1:19', '2,0'], ['7:21', '0,6'], ['13:26', '2,2'], ['19:50', '0,4']]"
366,29,12,"[['2:08', '2,2'], ['8:07', '0,4'], ['14:16', '2,3'], ['20:35', '0,3']]"
367,30,12,"[['2:49', '2,3'], ['8:49', '0,3'], ['15:00', '2,5'], ['21:15', '0,2']]"
368,31,12,"[['3:25', '2,4'], ['9:27', '0,3'], ['15:38', '2,5'], ['21:51', '0,2']]"
